Card Title,Card Href,Extension ID,Page Title,Updated Date,Version,Offered By,Number of Users,Rating,Total Ratings
FixMeBot - AI Writing Assistant and Language Tool,https://chromewebstore.google.com/detail/fixmebot-ai-writing-assis/nahbifboflgafobhlnhndkigfgfjpijl,nahbifboflgafobhlnhndkigfgfjpijl,FixMeBot - AI Writing Assistant and Language Tool,"April 18, 2025",1.0.4.0,fixmebot.com,706,5.0,43 ratings
MailMagic - AI Email Assistant powered by ChatGPT,https://chromewebstore.google.com/detail/mailmagic-ai-email-assist/efkagogbohcbmhhcfpphbibapmeaiklc,efkagogbohcbmhhcfpphbibapmeaiklc,MailMagic - AI Email Assistant powered by ChatGPT,"November 24, 2024",1.0.0,9361-9195 Quebec Inc,"1,000",5.0,41 ratings
Duet Mail - Gmail AI Assistant,https://chromewebstore.google.com/detail/duet-mail-gmail-ai-assist/aiigdjghdodkbipkkcjacnhednmlhemo,aiigdjghdodkbipkkcjacnhednmlhemo,Duet Mail - Gmail AI Assistant,"December 22, 2025",1.3.10,Duet Mail LLC,209,5.0,38 ratings
ChatGPT AI assistant for Google Reviews and Questions,https://chromewebstore.google.com/detail/chatgpt-ai-assistant-for/ijhnbbfcbgmclbllcfhldcdibjkdinpd,ijhnbbfcbgmclbllcfhldcdibjkdinpd,ChatGPT AI assistant for Google Reviews and Questions,"October 28, 2024",0.1.6,9361-9195 Quebec Inc,"1,000",5.0,24 ratings
EmojAI,https://chromewebstore.google.com/detail/emojai/gnnjegdgbplhcoadniflbacadnmlepoa,gnnjegdgbplhcoadniflbacadnmlepoa,EmojAI,"February 4, 2025",1.0.3,turbostarter.dev,62,5.0,18 ratings
AI Powered Assistant For Openphone,https://chromewebstore.google.com/detail/ai-powered-assistant-for/kcidpmdphpembpfikcbknggjpgpcpmho,kcidpmdphpembpfikcbknggjpgpcpmho,AI Powered Assistant For Openphone,"November 30, 2024",0.2.2,9361-9195 Quebec Inc,480,5.0,15 ratings
LinkMatch For Pipedrive,https://chromewebstore.google.com/detail/linkmatch-for-pipedrive/pcoohgemdealkgmkbeadkjbjpifbkddj,pcoohgemdealkgmkbeadkjbjpifbkddj,LinkMatch For Pipedrive,"January 8, 2026",10.74,linkmatch.com,"5,000",5.0,11 ratings
Potion Screen Recorder - Easily Create Personalized AI Videos,https://chromewebstore.google.com/detail/potion-screen-recorder-ea/fikcpjkdkmmbmpahfkiodjnhnngfkghf,fikcpjkdkmmbmpahfkiodjnhnngfkghf,Potion Screen Recorder - Easily Create Personalized AI Videos,"December 5, 2024",2024.12.0411,sendpotion.com,"1,000",5.0,11 ratings
Outlook Email Templates by cloudHQ,https://chromewebstore.google.com/detail/outlook-email-templates-b/llhlhokgnabmiikbjdgjblajbbbenemj,llhlhokgnabmiikbjdgjblajbbbenemj,Outlook Email Templates by cloudHQ,"December 3, 2025",1.0.0.11,cloudHQ LLC,"3,000",5.0,10 ratings
Meex â€“ Get Video Meetings with Anyone,https://chromewebstore.google.com/detail/meex-%E2%80%93-get-video-meetings/dnjklpokjknbbjejbpcicakjefigcnda,dnjklpokjknbbjejbpcicakjefigcnda,Meex â€“ Get Video Meetings with Anyone,"January 9, 2026",0.8.883,meex.co,174,5.0,10 ratings
Gmail Inbox Zero by cloudHQ,https://chromewebstore.google.com/detail/gmail-inbox-zero-by-cloud/oadlfcoffgcjbckkkgjgcffpknhhodoa,oadlfcoffgcjbckkkgjgcffpknhhodoa,Gmail Inbox Zero by cloudHQ,"November 30, 2025",1.0.1.6,cloudHQ LLC,"1,000",5.0,9 ratings
Sidenote,https://chromewebstore.google.com/detail/sidenote/jlaieagppfmkikkkfbgagdpkmidkmmhd,jlaieagppfmkikkkfbgagdpkmidkmmhd,Sidenote,"January 10, 2026",0.0.20,https://sidenoteapp.com/,218,5.0,9 ratings
Voice to Text (Whisper) + AI Writing â€” Sleekio,https://chromewebstore.google.com/detail/voice-to-text-whisper-+-a/ofcnobbcnfgchjjfpembldomkdldepfm,ofcnobbcnfgchjjfpembldomkdldepfm,Voice to Text (Whisper) + AI Writing â€” Sleekio,"January 4, 2026",4.1,SLEB LLC,153,5.0,8 ratings
Outworks AI,https://chromewebstore.google.com/detail/outworks-ai/ihigppbedaljfdbjhpfnaoboajgkkjnl,ihigppbedaljfdbjhpfnaoboajgkkjnl,Outworks AI,"November 25, 2024",0.4.4,"Outworks Ventures, LLC",123,5.0,8 ratings
OChat: AI chat companion for WhatsApp & more.,https://chromewebstore.google.com/detail/ochat-ai-chat-companion-f/bedbcjebgdhkmjejpcelphejcbkjjchm,bedbcjebgdhkmjejpcelphejcbkjjchm,OChat: AI chat companion for WhatsApp & more.,"November 24, 2025",1.1.4,CIRCLE BIT SOFTWARE SOLUTIONS TRADING L.L.C,561,5.0,8 ratings
Screenshot & Bookmark Manager by Lasso,https://chromewebstore.google.com/detail/screenshot-bookmark-manag/mpgmpojhkikacbjcdgibnhckgogphelc,mpgmpojhkikacbjcdgibnhckgogphelc,Screenshot & Bookmark Manager by Lasso,"October 22, 2023",1.5.12,vFlyer Inc,"1,000",5.0,7 ratings
LinkMatch For HubSpot,https://chromewebstore.google.com/detail/linkmatch-for-hubspot/hplabloglpkgkkakldlgbnjkliakpklg,hplabloglpkgkkakldlgbnjkliakpklg,LinkMatch For HubSpot,"December 4, 2025",5.73,linkmatch.com,"2,000",5.0,7 ratings
Gmail Button - Custom Buttons & QR Codes,https://chromewebstore.google.com/detail/gmail-button-custom-butto/kclafgfgjcljnnokfegpkpelikgnomdm,kclafgfgjcljnnokfegpkpelikgnomdm,Gmail Button - Custom Buttons & QR Codes,"November 17, 2025",1.0.1,emailbuttons.com,87,5.0,6 ratings
ToDo List : explode your productiviy,https://chromewebstore.google.com/detail/todo-list-explode-your-pr/flkbddjohcegkfnfncpaoclcnpbmcobi,flkbddjohcegkfnfncpaoclcnpbmcobi,ToDo List : explode your productiviy,"February 15, 2025",1.4,N/A,74,5.0,6 ratings
Clodo Copilot: AI for Outbound,https://chromewebstore.google.com/detail/clodo-copilot-ai-for-outb/ahcikciiiaefbgeocfegjegmhejollme,ahcikciiiaefbgeocfegjegmhejollme,Clodo Copilot: AI for Outbound,"December 24, 2025",1.0.8,clodo.ai,66,5.0,6 ratings
Rentyne - Property Reviews,https://chromewebstore.google.com/detail/rentyne-property-reviews/pngjjpemmfladbdamlikpmjdneijffli,pngjjpemmfladbdamlikpmjdneijffli,Rentyne - Property Reviews,"October 15, 2025",1.0.0,rentyne.com,N/A,5.0,5 ratings
WhatsApp Editor,https://chromewebstore.google.com/detail/whatsapp-editor/jlgcngamnmdbbkedkgmpgffmdbfkeiga,jlgcngamnmdbbkedkgmpgffmdbfkeiga,WhatsApp Editor,"September 14, 2023",1.1,N/A,569,5.0,5 ratings
Multi-Lingual Input Tools,https://chromewebstore.google.com/detail/multi-lingual-input-tools/dkbgodmmblfcnfledmedmepimmpebnjo,dkbgodmmblfcnfledmedmepimmpebnjo,Multi-Lingual Input Tools,"January 8, 2025",6.7.1,https://multi-lingual.extensions.saisiddhish.me/,N/A,5.0,5 ratings
CodeBuddy,https://chromewebstore.google.com/detail/codebuddy/pdejahgboaggjdcfgmnccgfjaolikplf,pdejahgboaggjdcfgmnccgfjaolikplf,CodeBuddy,"December 31, 2025",3.11.0,N/A,35,5.0,4 ratings
Atmos,https://chromewebstore.google.com/detail/atmos/oemlcamaflejejnfkngaponakmghllhg,oemlcamaflejejnfkngaponakmghllhg,Atmos,"September 26, 2024",1.13.1,N/A,111,5.0,4 ratings
Phonetic Pro Text Converter,https://chromewebstore.google.com/detail/phonetic-pro-text-convert/gkiponhaimpgmomdojpmiipjdaidoefb,gkiponhaimpgmomdojpmiipjdaidoefb,Phonetic Pro Text Converter,"April 25, 2025",1.1.1,cemates.me,68,5.0,4 ratings
Meeting Caller,https://chromewebstore.google.com/detail/meeting-caller/clkhkjfdmenabbbldfplainfefjdjekm,clkhkjfdmenabbbldfplainfefjdjekm,Meeting Caller,"July 16, 2025",2.0.0,orriss.io,176,5.0,4 ratings
IsThisSpam - Ultimate Scam/Spam & Phishing Detector,https://chromewebstore.google.com/detail/isthisspam-ultimate-scams/bfgcckbokffmjofhelocajkkbpenjfoj,bfgcckbokffmjofhelocajkkbpenjfoj,IsThisSpam - Ultimate Scam/Spam & Phishing Detector,"December 10, 2025",4.30,isthisspam.org,18,5.0,4 ratings
Younet: Personalized AI to write & respond,https://chromewebstore.google.com/detail/younet-personalized-ai-to/ahabdciobjaamioehoaifaoabkimhegj,ahabdciobjaamioehoaifaoabkimhegj,Younet: Personalized AI to write & respond,"January 31, 2025",0.1.763,younet.ai,179,5.0,4 ratings
"Copy Emoji: Emoji Keyboard, Emoji List & Instant Copy",https://chromewebstore.google.com/detail/copy-emoji-emoji-keyboard/pieichifjemgjbgdokiegpcbigadmnch,pieichifjemgjbgdokiegpcbigadmnch,"Copy Emoji: Emoji Keyboard, Emoji List & Instant Copy","April 7, 2025",1.0.0,shimanski.dev,"1,000",5.0,3 ratings
Rexmoji,https://chromewebstore.google.com/detail/rexmoji/nbecjgkalhdijjiicijfnnnmdcamdmif,nbecjgkalhdijjiicijfnnnmdcamdmif,Rexmoji,"February 22, 2023",1.3.1,N/A,136,5.0,3 ratings
Active Group Users,https://chromewebstore.google.com/detail/active-group-users/moeikogeobbcmheckflepdogdjdcahfk,moeikogeobbcmheckflepdogdjdcahfk,Active Group Users,"December 25, 2025",6.1.5,https://www.activegroupusers.com/,135,5.0,3 ratings
Satcom - Collaborative layer for the Internet,https://chromewebstore.google.com/detail/satcom-collaborative-laye/lhoejonhkpkgnhaamjcplefkkomlldgi,lhoejonhkpkgnhaamjcplefkkomlldgi,Satcom - Collaborative layer for the Internet,"June 12, 2024",0.1.6,satcom.app,39,5.0,3 ratings
Keylang,https://chromewebstore.google.com/detail/keylang/lcdknfdkanhghggokgjnhmgiegngjdja,lcdknfdkanhghggokgjnhmgiegngjdja,Keylang,"November 29, 2023",1.3.1,N/A,26,5.0,3 ratings
MicMyMail - Send voice messages in Gmail for FREE,https://chromewebstore.google.com/detail/micmymail-send-voice-mess/kelobebpecheffgjeeflpmdeefldalhn,kelobebpecheffgjeeflpmdeefldalhn,MicMyMail - Send voice messages in Gmail for FREE,"September 15, 2025",2.1,micmymail.com,27,5.0,3 ratings
ScriboWriter - AI Email Writer,https://chromewebstore.google.com/detail/scribowriter-ai-email-wri/glajaboiieoebaecoeciecmghndfpijo,glajaboiieoebaecoeciecmghndfpijo,ScriboWriter - AI Email Writer,"February 28, 2025",1.0.2,https://www.scribowriter.com/,38,5.0,3 ratings
Canned Responses by NATT,https://chromewebstore.google.com/detail/canned-responses-by-natt/gepanmdpmihmehobgpmjfipmglgnihkg,gepanmdpmihmehobgpmjfipmglgnihkg,Canned Responses by NATT,"February 14, 2024",1.0.3,N/A,30,5.0,3 ratings
Tagada for Gmail,https://chromewebstore.google.com/detail/tagada-for-gmail/empoakmlgachhalnfimiknlgmfpljmhf,empoakmlgachhalnfimiknlgmfpljmhf,Tagada for Gmail,"December 30, 2025",1.3.5,CAMINA,6,5.0,3 ratings
AI Email Reply Generator,https://chromewebstore.google.com/detail/ai-email-reply-generator/allibihbbmmpaebjhadfikmemmolkkec,allibihbbmmpaebjhadfikmemmolkkec,AI Email Reply Generator,"October 11, 2025",1.0.10,N/A,991,5.0,3 ratings
AI Writing Generator: AIFreeBox,https://chromewebstore.google.com/detail/ai-writing-generator-aifr/pkpcgkdoppebhnlneefdgncjlgjfngci,pkpcgkdoppebhnlneefdgncjlgjfngci,AI Writing Generator: AIFreeBox,"April 2, 2025",5.3.1,aifreebox.com,"2,000",5.0,2 ratings
Html2Email: HTML editor and Inserter for Gmail & Yahoo Mail,https://chromewebstore.google.com/detail/html2email-html-editor-an/pgdmhodlebnljmmknpicldhgdnllonmd,pgdmhodlebnljmmknpicldhgdnllonmd,Html2Email: HTML editor and Inserter for Gmail & Yahoo Mail,"December 12, 2025",1.4.0,sendhtml.email,437,5.0,2 ratings
Writewiz: AI Content Creator & Writing Tool,https://chromewebstore.google.com/detail/writewiz-ai-content-creat/nikfnkpdalalkollmjgjkgmfblfmlpbd,nikfnkpdalalkollmjgjkgmfblfmlpbd,Writewiz: AI Content Creator & Writing Tool,"December 26, 2024",2.0.24,writewiz.ai,245,5.0,2 ratings
XinsightAI - Twitter AI Reply Assistant,https://chromewebstore.google.com/detail/xinsightai-twitter-ai-rep/ngppfaclmbaaagondnfjkigkmacfphhc,ngppfaclmbaaagondnfjkigkmacfphhc,XinsightAI - Twitter AI Reply Assistant,"November 24, 2025",production,xinsight.me,6,5.0,2 ratings
ReplyRocket,https://chromewebstore.google.com/detail/replyrocket/lagclghgckajeoincabkhkajfdpnjnaa,lagclghgckajeoincabkhkajfdpnjnaa,ReplyRocket,"January 2, 2024",1.0.0,N/A,3,5.0,2 ratings
Salespal,https://chromewebstore.google.com/detail/salespal/kkhfghobgopeoblfljoehpljlmpobenf,kkhfghobgopeoblfljoehpljlmpobenf,Salespal,"April 4, 2024",1.0.6,salespal.io,24,5.0,2 ratings
NameInserter,https://chromewebstore.google.com/detail/nameinserter/jhcjpmnikljjacpclfgcdbcemhfojkeb,jhcjpmnikljjacpclfgcdbcemhfojkeb,NameInserter,"October 21, 2023",1.1,N/A,25,5.0,2 ratings
Birdeye,https://chromewebstore.google.com/detail/birdeye/glbdijnpmjgjgdgbmcnkohahinhkjmgd,glbdijnpmjgjgdgbmcnkohahinhkjmgd,Birdeye,"November 26, 2025",1.0.0.5,https://birdeye.com/,852,5.0,2 ratings
Beautiful Hieroglyphs,https://chromewebstore.google.com/detail/beautiful-hieroglyphs/ejdjggchjcccilcghndkdcnllinanmch,ejdjggchjcccilcghndkdcnllinanmch,Beautiful Hieroglyphs,"February 12, 2024",0.4.1,N/A,50,5.0,2 ratings
Scholarometer,https://chromewebstore.google.com/detail/scholarometer/cancljbppfaghiangdombkgjhbfcoomf,cancljbppfaghiangdombkgjhbfcoomf,Scholarometer,"March 6, 2024",5.4.0,https://scholarometer.indiana.edu/,"1,000",5.0,2 ratings
HubSpot Templates for Gmailâ„¢ by cloudHQ,https://chromewebstore.google.com/detail/hubspot-templates-for-gma/bpamdngaencblehpekanhchfaejgimln,bpamdngaencblehpekanhchfaejgimln,HubSpot Templates for Gmailâ„¢ by cloudHQ,"November 29, 2025",1.0.2.10,cloudHQ LLC,"2,000",5.0,2 ratings
Automatic Tawk Translator,https://chromewebstore.google.com/detail/automatic-tawk-translator/peimgiigfiplofofdendgchegipbpeok,peimgiigfiplofofdendgchegipbpeok,Automatic Tawk Translator,"January 4, 2026",2.1.13,N/A,451,5.0,1 rating
Slackâ„¢ Translate,https://chromewebstore.google.com/detail/slack-translate/ogeieigjomecilgfebkdbgdckfpbjfah,ogeieigjomecilgfebkdbgdckfpbjfah,Slackâ„¢ Translate,"November 16, 2024",1.3.5,N/A,402,5.0,1 rating
Table of Contents Generator for Medium,https://chromewebstore.google.com/detail/table-of-contents-generat/kjnpkcndbjmheeenngfemcmcjfeahefa,kjnpkcndbjmheeenngfemcmcjfeahefa,Table of Contents Generator for Medium,"September 2, 2023",1.0,N/A,60,5.0,1 rating
Sangoma Meet,https://chromewebstore.google.com/detail/sangoma-meet/kcceflnmljlefienlljlndciijmpcpnf,kcceflnmljlefienlljlndciijmpcpnf,Sangoma Meet,"February 26, 2025",5.8.1,N/A,676,5.0,1 rating
Email Whisperer - GPT AI Email Writer,https://chromewebstore.google.com/detail/email-whisperer-gpt-ai-em/iilfbdcjfcbfelllghamdbpoombfapfj,iilfbdcjfcbfelllghamdbpoombfapfj,Email Whisperer - GPT AI Email Writer,"February 22, 2024",1.5,N/A,61,5.0,1 rating
Apollolytics,https://chromewebstore.google.com/detail/apollolytics/ifikempnpjnocibkfhmfjbifmmipjalp,ifikempnpjnocibkfhmfjbifmmipjalp,Apollolytics,"June 24, 2025",2.1,apollolytics.com,57,5.0,1 rating
Community Polls,https://chromewebstore.google.com/detail/community-polls/hgcaippnfonibmjipfedgfpddiilcoeh,hgcaippnfonibmjipfedgfpddiilcoeh,Community Polls,"November 2, 2023",1.1.0,N/A,55,5.0,1 rating
PlusThat,https://chromewebstore.google.com/detail/plusthat/fdolcalgjiodophceognejkdeokllmfh,fdolcalgjiodophceognejkdeokllmfh,PlusThat,"March 6, 2025",0.20,ABLE STYLE LTD,8,5.0,1 rating
Embed2Share,https://chromewebstore.google.com/detail/embed2share/bahilgongphmlcfcbbefjjkiejbegili,bahilgongphmlcfcbbefjjkiejbegili,Embed2Share,"November 6, 2023",1.1.1,N/A,9,5.0,1 rating
Walution - WhatsApp Sender,https://chromewebstore.google.com/detail/walution-whatsapp-sender/gnkoofidpbkdoejdloidmbdefjpgpjdi,gnkoofidpbkdoejdloidmbdefjpgpjdi,Walution - WhatsApp Sender,"October 9, 2025",1.7.4,quicklution.com,"4,000",5.0,573 ratings
Professionally AI Email Writer,https://chromewebstore.google.com/detail/professionally-ai-email-w/mkbiijndlaclmmaniflgfcogjhdgdjkc,mkbiijndlaclmmaniflgfcogjhdgdjkc,Professionally AI Email Writer,"September 19, 2025",5.5.0,Professionally Inc.,"1,000",5.0,829 ratings
Fathom AI Note Taker for Google Meet,https://chromewebstore.google.com/detail/fathom-ai-note-taker-for/nhocmlminaplaendbabmoemehbpgdemn,nhocmlminaplaendbabmoemehbpgdemn,Fathom AI Note Taker for Google Meet,"January 7, 2026",0.0.37,fathom.video,"300,000",5.0,1.4K ratings
Synonyms Deluxe,https://chromewebstore.google.com/detail/synonyms-deluxe/kfeajncmldifdopobhjlgbhilblhbekd,kfeajncmldifdopobhjlgbhilblhbekd,Synonyms Deluxe,"January 3, 2025",1.10,jurgen.si,"4,000",5.0,127 ratings
WA Filter & Number Checker: Check & Verify WhatsApp Numbers,https://chromewebstore.google.com/detail/wa-filter-number-checker/ceiabhjcgkahlflefonigpjiicdfaadn,ceiabhjcgkahlflefonigpjiicdfaadn,WA Filter & Number Checker: Check & Verify WhatsApp Numbers,"January 6, 2026",3.0.20,wa-filter.com,"4,000",4.9,799 ratings
Auto Follow Up for Gmailâ„¢ by cloudHQ,https://chromewebstore.google.com/detail/auto-follow-up-for-gmail/omlanehmflpiihaadkghlgnbocimgokm,omlanehmflpiihaadkghlgnbocimgokm,Auto Follow Up for Gmailâ„¢ by cloudHQ,"November 29, 2025",1.0.2.29,cloudHQ LLC,"9,000",4.9,34 ratings
Claap - Meeting & Screen Recording,https://chromewebstore.google.com/detail/claap-meeting-screen-reco/bnflmljpbmkjeahgjakmjdanmhldjhbk,bnflmljpbmkjeahgjakmjdanmhldjhbk,Claap - Meeting & Screen Recording,"March 26, 2025",0.1133.0,https://www.claap.io/,"10,000",4.9,33 ratings
Record Voice Messages in Gmail - Beep,https://chromewebstore.google.com/detail/record-voice-messages-in/kcgmbngghfpnddnfccnabnioiidenipc,kcgmbngghfpnddnfccnabnioiidenipc,Record Voice Messages in Gmail - Beep,"December 21, 2025",1.45,"JoWoCo, LLC","4,000",4.9,94 ratings
Whatsappâ„¢ Translator - Immersive Translation,https://chromewebstore.google.com/detail/whatsapp-translator-immer/phafeggjhdhfcmlanhmgbmcbgocapnik,phafeggjhdhfcmlanhmgbmcbgocapnik,Whatsappâ„¢ Translator - Immersive Translation,"December 19, 2025",1.7.4,N/A,"6,000",4.9,41 ratings
Vocal: Send voice notes in Gmail,https://chromewebstore.google.com/detail/vocal-send-voice-notes-in/boopggfapjaffppjmldgifjkgemgkgfd,boopggfapjaffppjmldgifjkgemgkgfd,Vocal: Send voice notes in Gmail,"November 29, 2025",12.4.13,vocal.email,"8,000",4.9,46 ratings
Copy and Paste Emoji,https://chromewebstore.google.com/detail/copy-and-paste-emoji/mblpmmkfjhnoamacmefeoadhdmdilpdl,mblpmmkfjhnoamacmefeoadhdmdilpdl,Copy and Paste Emoji,"July 8, 2025",1.0.4,netvolk.online,"2,000",4.9,9 ratings
ShortifyMe | Short Links and QR Codes,https://chromewebstore.google.com/detail/shortifyme-short-links-an/kkelcfjdofkckenhaofjjoeijghmedkj,kkelcfjdofkckenhaofjjoeijghmedkj,ShortifyMe | Short Links and QR Codes,"January 8, 2026",2.0,The frank Agency,284,4.9,9 ratings
Cursorful - Screen Recorder with Auto Zoom,https://chromewebstore.google.com/detail/cursorful-screen-recorder/eihpmapodnppeemkhkbhikmggfojdkjd,eihpmapodnppeemkhkbhikmggfojdkjd,Cursorful - Screen Recorder with Auto Zoom,"December 25, 2025",2.1.2,cursorful.com,"40,000",4.9,856 ratings
SendSafely Encryption for Chrome and Gmail,https://chromewebstore.google.com/detail/sendsafely-encryption-for/glpichgelkekjnccdflklcclhnoioblm,glpichgelkekjnccdflklcclhnoioblm,SendSafely Encryption for Chrome and Gmail,"November 21, 2025",1.10.9.1,SendSafely Inc.,"40,000",4.9,15 ratings
"Screen Recorder, Webcam Recorder - Dubb Video",https://chromewebstore.google.com/detail/screen-recorder-webcam-re/comhknhgkhbecfolehchaemllofaeppb,comhknhgkhbecfolehchaemllofaeppb,"Screen Recorder, Webcam Recorder - Dubb Video","December 22, 2025",6.6.5,https://dubb.com/,"20,000",4.8,175 ratings
CrankWheel Screen Sharing,https://chromewebstore.google.com/detail/crankwheel-screen-sharing/dooinopjfnhlmmdkdepajfipfhlcmjgp,dooinopjfnhlmmdkdepajfipfhlcmjgp,CrankWheel Screen Sharing,"November 16, 2025",8.8.1.0,CrankWheel Inc.,"50,000",4.8,380 ratings
AI Chrome Extension powered by ChatGPT - Magictool AI,https://chromewebstore.google.com/detail/ai-chrome-extension-power/fedmdabgnkfghjplejeilojikdaopkpm,fedmdabgnkfghjplejeilojikdaopkpm,AI Chrome Extension powered by ChatGPT - Magictool AI,"June 8, 2024",1.5.1,magictool.ai,"10,000",4.8,190 ratings
Clamor - Comment Anywhere,https://chromewebstore.google.com/detail/clamor-comment-anywhere/adobgmkomchnognfpmcpcdjanecjppjn,adobgmkomchnognfpmcpcdjanecjppjn,Clamor - Comment Anywhere,"July 7, 2025",0.0.0.8,N/A,132,4.8,6 ratings
MailMaestro - Gmail AI assistant,https://chromewebstore.google.com/detail/mailmaestro-gmail-ai-assi/hjdkljkgenkplcgeecgjjgijpipnneai,hjdkljkgenkplcgeecgjjgijpipnneai,MailMaestro - Gmail AI assistant,"December 31, 2025",1.34.2,Maestro Labs Pte. Ltd.,"10,000",4.8,122 ratings
"GoEmailTracker-Email Tracker,Template,chatGPT",https://chromewebstore.google.com/detail/goemailtracker-email-trac/heikpoccepmhiapcmifpcbccjbnnihjn,heikpoccepmhiapcmifpcbccjbnnihjn,"GoEmailTracker-Email Tracker,Template,chatGPT","November 29, 2025",0.0.64,goemailtracker.com,"1,000",4.8,44 ratings
Email Tracker,https://chromewebstore.google.com/detail/email-tracker/mmkkkedfpenlibbhepgncmmoclhbaafo,mmkkkedfpenlibbhepgncmmoclhbaafo,Email Tracker,"November 23, 2025",2025.11.20,emailtracker.cc,"5,000",4.8,572 ratings
Ventrilo.ai: Instant AI Writing,https://chromewebstore.google.com/detail/ventriloai-instant-ai-wri/agfcdegbapplhinejbaadfhmohblaldj,agfcdegbapplhinejbaadfhmohblaldj,Ventrilo.ai: Instant AI Writing,"November 4, 2025",3.0.5,Ventrilo.ai,"6,000",4.8,16 ratings
Snowball.club - All-in-one X (Twitter) Growth Platform with AI and more,https://chromewebstore.google.com/detail/snowballclub-all-in-one-x/oflolfahklajghjkoidbgejfppemoglg,oflolfahklajghjkoidbgejfppemoglg,Snowball.club - All-in-one X (Twitter) Growth Platform with AI and more,"December 14, 2025",2.12.10,snowball.club,267,4.8,5 ratings
OpenComments,https://chromewebstore.google.com/detail/opencomments/ilgkjamobnhjoopmjiigbgilcmapodda,ilgkjamobnhjoopmjiigbgilcmapodda,OpenComments,"March 20, 2025",3.0.36,opencomments.com,168,4.8,5 ratings
Templify â€“ write messages in 1 click! ðŸš€,https://chromewebstore.google.com/detail/templify-%E2%80%93-write-messages/fndgllkjbjkfnkjfcpnajbmgaedokmdo,fndgllkjbjkfnkjfcpnajbmgaedokmdo,Templify â€“ write messages in 1 click! ðŸš€,"January 6, 2026",0.4.1,templify.l4b5.com,"2,000",4.8,29 ratings
"AI Note taker for Google Meet, by Noty.ai",https://chromewebstore.google.com/detail/ai-note-taker-for-google/kdkohcmkkplmkknlelglhfhjkegkiljd,kdkohcmkkplmkknlelglhfhjkegkiljd,"AI Note taker for Google Meet, by Noty.ai","December 8, 2025",1.58.20,noty.ai,"10,000",4.8,142 ratings
Contact Saver For WA & Download Group Phone Numbers | WPPME.COM,https://chromewebstore.google.com/detail/contact-saver-for-wa-down/lfopjgadjgdlkjldhekplmeggobolnej,lfopjgadjgdlkjldhekplmeggobolnej,Contact Saver For WA & Download Group Phone Numbers | WPPME.COM,"January 9, 2026",2.8.17,wppme.com,"4,000",4.8,506 ratings
"FlyMSG: AI Writing, Grammar Checker, Snippets, and Sales Engagement Tool",https://chromewebstore.google.com/detail/flymsg-ai-writing-grammar/giidlnpcdhcldhfccdhkaicefhpokghc,giidlnpcdhcldhfccdhkaicefhpokghc,"FlyMSG: AI Writing, Grammar Checker, Snippets, and Sales Engagement Tool","November 12, 2025",3.7.4,https://www.vengreso.com/,"5,000",4.8,103 ratings
GMass: Powerful mail merge for Gmail,https://chromewebstore.google.com/detail/gmass-powerful-mail-merge/ehomdgjhgmbidokdgicgmdiedadncbgf,ehomdgjhgmbidokdgicgmdiedadncbgf,GMass: Powerful mail merge for Gmail,"December 14, 2025",6.0.42,http://www.gmass.co/,"300,000",4.8,8.9K ratings
Writetone: AI Writing Assistant & Grammar Fix,https://chromewebstore.google.com/detail/writetone-ai-writing-assi/okhpejcaiodgfaelnakehbldidfajbcb,okhpejcaiodgfaelnakehbldidfajbcb,Writetone: AI Writing Assistant & Grammar Fix,"November 12, 2025",2.0,writetone.com,"1,000",4.8,18 ratings
Share and attach files in Gmailâ„¢ by cloudHQ,https://chromewebstore.google.com/detail/share-and-attach-files-in/dgdeilfnkkmcolnfmghjgjmlalanomdf,dgdeilfnkkmcolnfmghjgjmlalanomdf,Share and attach files in Gmailâ„¢ by cloudHQ,"November 28, 2025",1.0.2.2,cloudHQ LLC,"6,000",4.8,70 ratings
Noise Cancelling App,https://chromewebstore.google.com/detail/noise-cancelling-app/njmhcidcdbaannpafjdljminaigdgolj,njmhcidcdbaannpafjdljminaigdgolj,Noise Cancelling App,"October 17, 2025",1.2.1,webcameffects.app,"10,000",4.8,47 ratings
Bubbles - AI Meeting Notes & Screen Recorder,https://chromewebstore.google.com/detail/bubbles-ai-meeting-notes/ppbfhhgcdehhbjigifndnfmcihegokbb,ppbfhhgcdehhbjigifndnfmcihegokbb,Bubbles - AI Meeting Notes & Screen Recorder,"August 16, 2025",2.101.3.0,usebubbles.com,"30,000",4.8,121 ratings
Response Generator,https://chromewebstore.google.com/detail/response-generator/dmnffcicegjjhjaekeloefipmjlokill,dmnffcicegjjhjaekeloefipmjlokill,Response Generator,"December 29, 2025",2.1.2,responsegenerator.app,"4,000",4.8,32 ratings
Clear Mail for Gmail: Privacy first email cleaning,https://chromewebstore.google.com/detail/clear-mail-for-gmail-priv/mjdjakmpongidgdifgmaenfgmacppknm,mjdjakmpongidgdifgmaenfgmacppknm,Clear Mail for Gmail: Privacy first email cleaning,"January 10, 2026",2.4.1,clearmailapp.com,683,4.8,4 ratings
Super Post Saver â€“ Smart Bookmark Tool for LinkedInâ„¢ Posts,https://chromewebstore.google.com/detail/super-post-saver-%E2%80%93-smart/dcmjbhijkglccpmikedhjnjgaicbkpeo,dcmjbhijkglccpmikedhjnjgaicbkpeo,Super Post Saver â€“ Smart Bookmark Tool for LinkedInâ„¢ Posts,"December 1, 2025",0.4,N/A,207,4.9,10 ratings
Dwi - Twitch voice notes,https://chromewebstore.google.com/detail/dwi-twitch-voice-notes/oebhalkjebodiplmknemmkdihmbalhdi,oebhalkjebodiplmknemmkdihmbalhdi,Dwi - Twitch voice notes,"January 2, 2024",0.1.5,N/A,163,4.8,43 ratings
Kommodo Screen Recorder & SOP,https://chromewebstore.google.com/detail/kommodo-screen-recorder-s/kodipildlgjdkoeokgibdlighekmebcg,kodipildlgjdkoeokgibdlighekmebcg,Kommodo Screen Recorder & SOP,"December 10, 2025",2.9.4,Komodo Technologies,"30,000",4.7,81 ratings
FlowCrypt: Encrypt Gmail with PGP,https://chromewebstore.google.com/detail/flowcrypt-encrypt-gmail-w/bnjglocicdkmhmoohhfkfkbbkejdhdgc,bnjglocicdkmhmoohhfkfkbbkejdhdgc,FlowCrypt: Encrypt Gmail with PGP,"January 8, 2026",8.5.13,FlowCrypt a. s.,"80,000",4.7,360 ratings
DeepL: translate and write with AI,https://chromewebstore.google.com/detail/deepl-translate-and-write/cofdbpoegempjloogbagkncekinflcnj,cofdbpoegempjloogbagkncekinflcnj,DeepL: translate and write with AI,"January 12, 2026",1.70.0,DeepL,"4,000,000",4.7,12.1K ratings
MailTracker: Email tracker for Gmail,https://chromewebstore.google.com/detail/mailtracker-email-tracker/pgbdljpkijehgoacbjpolaomhkoffhnl,pgbdljpkijehgoacbjpolaomhkoffhnl,MailTracker: Email tracker for Gmail,"January 7, 2026",2.4.7,"Mail Automation, Inc.","100,000",4.7,5K ratings
"Voila â€“ AI Assistant, Copilot and AI Writer",https://chromewebstore.google.com/detail/voila-%E2%80%93-ai-assistant-copi/cakobppopkpmmglabcdcklncbckjpkcl,cakobppopkpmmglabcdcklncbckjpkcl,"Voila â€“ AI Assistant, Copilot and AI Writer","October 17, 2025",1.7.9,Initial condition s.r.o.,"80,000",4.7,213 ratings
AI Email Assistant,https://chromewebstore.google.com/detail/ai-email-assistant/loclkojldkjladfhbngilnhbeffbkgdm,loclkojldkjladfhbngilnhbeffbkgdm,AI Email Assistant,"January 8, 2026",1.33.0,Mailmeteor,"50,000",4.7,129 ratings
Gmail Free Online Polls & Surveys by cloudHQ,https://chromewebstore.google.com/detail/gmail-free-online-polls-s/pdobhpebaieggeagodjmocmfjjiomcok,pdobhpebaieggeagodjmocmfjjiomcok,Gmail Free Online Polls & Surveys by cloudHQ,"November 29, 2025",1.0.1.5,cloudHQ LLC,"10,000",4.7,17 ratings
MailMagic AI assistant for Youtube comments,https://chromewebstore.google.com/detail/mailmagic-ai-assistant-fo/ooikkeffocjeeignoacghpcniiglflgb,ooikkeffocjeeignoacghpcniiglflgb,MailMagic AI assistant for Youtube comments,"August 29, 2025",0.1.2,9361-9195 Quebec Inc,866,4.7,20 ratings
Gan.AI - Free Screen & Camera Recorder,https://chromewebstore.google.com/detail/ganai-free-screen-camera/ilbgkfmhfigfdabdhjpjcabmfplmomld,ilbgkfmhfigfdabdhjpjcabmfplmomld,Gan.AI - Free Screen & Camera Recorder,"April 25, 2025",1.5.1,gan.ai,"2,000",4.7,13 ratings
Paced Email,https://chromewebstore.google.com/detail/paced-email/ebefdbfinfikmdalikkpbjfijkglgeid,ebefdbfinfikmdalikkpbjfijkglgeid,Paced Email,"March 31, 2025",3.0.2,Jemcode Limited,"1,000",4.7,13 ratings
Auto Label for Google Gmailâ„¢ by cloudHQ,https://chromewebstore.google.com/detail/auto-label-for-google-gma/gdadckddcgbbopndmccfoibflnoeinca,gdadckddcgbbopndmccfoibflnoeinca,Auto Label for Google Gmailâ„¢ by cloudHQ,"November 29, 2025",1.0.1.2,cloudHQ LLC,"3,000",4.7,16 ratings
QuillBot: AI Writing and Grammar Checker Tool,https://chromewebstore.google.com/detail/quillbot-ai-writing-and-g/iidnbdjijdkbmajdffnidomddglmieko,iidnbdjijdkbmajdffnidomddglmieko,QuillBot: AI Writing and Grammar Checker Tool,"January 12, 2026",4.53.1,"QuillBot (Course Hero), LLC","5,000,000",4.7,3.9K ratings
ChatGPT AI assistant for LinkedInâ„¢,https://chromewebstore.google.com/detail/chatgpt-ai-assistant-for/doflnonadfccnohhccjoholpmlibhjnd,doflnonadfccnohhccjoholpmlibhjnd,ChatGPT AI assistant for LinkedInâ„¢,"July 20, 2025",0.1.9,9361-9195 Quebec Inc,253,4.7,12 ratings
Email signature generator,https://chromewebstore.google.com/detail/email-signature-generator/pkklhocebkkoglfnghnfnpokjanbbcfo,pkklhocebkkoglfnghnfnpokjanbbcfo,Email signature generator,"February 20, 2024",0.0.3,email-signature-generator.online,"2,000",4.7,6 ratings
Dadan - Screen Recording & Annotation Tool,https://chromewebstore.google.com/detail/dadan-screen-recording-an/oagkbgolfdnkknkjomnggnhmnlfmgdod,oagkbgolfdnkknkjomnggnhmnlfmgdod,Dadan - Screen Recording & Annotation Tool,"January 6, 2026",5.0.3,dadan.io,"8,000",4.7,44 ratings
Canned Responses & Company Wiki - Klutch,https://chromewebstore.google.com/detail/canned-responses-company/iinfjdloicbbgbdliglpofadahlmgjop,iinfjdloicbbgbdliglpofadahlmgjop,Canned Responses & Company Wiki - Klutch,"July 28, 2025",5.0.1,klutch.app,"3,000",4.7,49 ratings
MasterTube,https://chromewebstore.google.com/detail/mastertube/ebenecbhjmfnidklknaigagobpjppdna,ebenecbhjmfnidklknaigagobpjppdna,MasterTube,"November 28, 2025",2.0.8,master.tube,N/A,4.6,17 ratings
Tables for Gmailâ„¢ by cloudHQ,https://chromewebstore.google.com/detail/tables-for-gmail-by-cloud/pkgjbjdolcdbpmddccngjdijegfokdgi,pkgjbjdolcdbpmddccngjdijegfokdgi,Tables for Gmailâ„¢ by cloudHQ,"November 29, 2025",1.0.2.8,cloudHQ LLC,"20,000",4.6,14 ratings
Email Sender Icons by cloudHQ,https://chromewebstore.google.com/detail/email-sender-icons-by-clo/ggmjpbolghodajmlbemkmflffcnfjgeb,ggmjpbolghodajmlbemkmflffcnfjgeb,Email Sender Icons by cloudHQ,"November 29, 2025",1.0.1.3,cloudHQ LLC,"1,000",4.6,14 ratings
Code Medium,https://chromewebstore.google.com/detail/code-medium/dganoageikmadjocbmklfgaejpkdigbe,dganoageikmadjocbmklfgaejpkdigbe,Code Medium,"March 18, 2025",0.7.0,https://manueldellelce.com/,"1,000",4.6,22 ratings
Twitch Pronouns (alejo.io for 7TV),https://chromewebstore.google.com/detail/twitch-pronouns-alejoio-f/oopijecdbdhhlmehnoedmbllkbeomddd,oopijecdbdhhlmehnoedmbllkbeomddd,Twitch Pronouns (alejo.io for 7TV),"October 1, 2023",1.0.2,N/A,"5,000",4.6,11 ratings
WA Audio to Text | WPPME.COM,https://chromewebstore.google.com/detail/wa-audio-to-text-wppmecom/lkblcdhccdkhofdbghemdbflainkkphl,lkblcdhccdkhofdbghemdbflainkkphl,WA Audio to Text | WPPME.COM,"January 10, 2026",4.2.11,wppme.com,"1,000",4.6,151 ratings
Quick Look Inbox for Gmail,https://chromewebstore.google.com/detail/quick-look-inbox-for-gmai/kpjfeffjdlhdafohanbfpjjbmgjpaohp,kpjfeffjdlhdafohanbfpjjbmgjpaohp,Quick Look Inbox for Gmail,"August 25, 2023",0.0.23,guokai.dev,"1,000",4.6,8 ratings
Gmail Button by cloudHQ,https://chromewebstore.google.com/detail/gmail-button-by-cloudhq/bpcebgbjhnmhmjdgiofmphaplgpfkpco,bpcebgbjhnmhmjdgiofmphaplgpfkpco,Gmail Button by cloudHQ,"November 29, 2025",1.0.2.8,cloudHQ LLC,"30,000",4.6,46 ratings
Free Screencast Recording for Gmail,https://chromewebstore.google.com/detail/free-screencast-recording/obdimfiookbifhhceegpeeahidplcccp,obdimfiookbifhhceegpeeahidplcccp,Free Screencast Recording for Gmail,"January 10, 2026",1.0.2.2,cloudHQ LLC,"10,000",4.6,61 ratings
Gruveo Instant Connect,https://chromewebstore.google.com/detail/gruveo-instant-connect/jlongfhigcebblbebgmpobcgjhlhegcc,jlongfhigcebblbebgmpobcgjhlhegcc,Gruveo Instant Connect,"June 10, 2024",1.6.0,"Gruveo, s.r.o.","1,000",4.6,22 ratings
Loom â€“ Screen Recorder & Screen Capture,https://chromewebstore.google.com/detail/loom-%E2%80%93-screen-recorder-sc/liecbddmkiiihnedobmlmillhodjkdmb,liecbddmkiiihnedobmlmillhodjkdmb,Loom â€“ Screen Recorder & Screen Capture,"January 7, 2026",5.5.163,loom.com,"8,000,000",4.6,10.2K ratings
Tab Translate,https://chromewebstore.google.com/detail/tab-translate/khepfpojckhooicloeheemlhcljpjcjg,khepfpojckhooicloeheemlhcljpjcjg,Tab Translate,"December 20, 2025",1.3.9,https://tabtranslate.com/,"20,000",4.6,43 ratings
MailKing: Email Campaigns in Gmail by cloudHQ,https://chromewebstore.google.com/detail/mailking-email-campaigns/igmjjjikokpgjnckgfcallenihoeabnk,igmjjjikokpgjnckgfcallenihoeabnk,MailKing: Email Campaigns in Gmail by cloudHQ,"November 29, 2025",1.0.2.4,cloudHQ LLC,"10,000",4.6,121 ratings
Private Grammar Checker - Harper,https://chromewebstore.google.com/detail/private-grammar-checker-h/lodbfhdipoipcjmlebjbgmmgekckhpfb,lodbfhdipoipcjmlebjbgmmgekckhpfb,Private Grammar Checker - Harper,"January 9, 2026",1.4.1,writewithharper.com,"10,000",4.6,21 ratings
Reply Guy - Free AI Reply Generator,https://chromewebstore.google.com/detail/reply-guy-free-ai-reply-g/fggbmmhkkidgjimgdkaelpnbgjoihlem,fggbmmhkkidgjimgdkaelpnbgjoihlem,Reply Guy - Free AI Reply Generator,"January 12, 2026",4.1.2,badgesextensions.com,167,4.6,16 ratings
NeetoRecord - Screen & Webcam Recorder,https://chromewebstore.google.com/detail/neetorecord-screen-webcam/ljmncfcjgfjogaelciimcgnogdbpbkoh,ljmncfcjgfjogaelciimcgnogdbpbkoh,NeetoRecord - Screen & Webcam Recorder,"January 8, 2026",1.4.7,N/A,"4,000",4.6,18 ratings
